Time (%),Total Time (ns),Instances,Avg (ns),Med (ns),Min (ns),Max (ns),StdDev (ns),Name
23.9,2631183887,24999,105251.6,119260.0,58686,1009090,47917.5,mul1_gemm_tc
12.1,1328281024,126,10541912.9,10036837.5,71997,24066450,5630049.9,glm5_ctl_wait
11.5,1268984592,5104,248625.5,209113.5,69374,1508722,151336.9,mul1_gemm_grp
10.1,1115752542,2087,534620.3,399060.0,113213,5350618,522538.4,glm5_gemm_fp4_tc
9.4,1038440903,24729,41992.8,39455.0,38687,1086559,34395.2,mul1_tc_recon
6.0,655291942,291,2251862.3,8512.0,7103,16247096,5473509.3,gemv_bf16_b
4.0,443848204,360,1232911.7,14479.5,13280,5839019,2119477.0,glm5_mhc_mix_norm
3.2,354070371,272,1301729.3,1266793.5,1259833,1946467,117473.7,kda_persist_r
2.7,298465710,352,847913.9,800616.0,795239,1387382,138730.5,gm_out_v
2.6,285383583,385,741256.1,667851.0,43103,1987299,415976.5,gm_idx_scores
2.6,283851873,704,403198.7,450994.5,301367,891140,93792.2,gm_gemm
1.7,189936647,352,539592.7,585438.0,62334,1284505,179905.3,gm_attn2
1.6,178159836,1360,130999.9,111885.0,91293,698410,62535.6,gemm_bf16_dense
1.2,133159206,24999,5326.6,4479.0,1216,810791,11126.6,mul1_tc_in
1.1,124860431,24999,4994.6,4160.0,928,855813,11780.6,mul1_tc_out
1.1,124545042,352,353821.1,344757.5,342549,910500,61750.8,gm_absorb
0.8,92707021,374,247879.7,285687.0,2400,898437,208446.8,l2norm_repeat
0.7,74862676,360,207951.9,1376.0,896,1573199,368628.8,glm5_mhc_expand
0.7,72617023,272,266974.3,264856.0,261112,839079,34827.4,transpose_rt
0.7,72054571,378,190620.6,153835.5,17536,1074528,134654.5,mul1_gemv2
0.6,71365503,272,262373.2,253912.5,251480,837510,63860.5,split_qkv
0.3,35387244,168,210638.4,1536.0,1152,1168893,366271.6,glm5_moe_combine
0.3,33236964,272,122194.7,122588.5,117308,142779,2311.3,conv_silu
0.3,30249929,385,78571.2,99741.0,1056,435251,47455.3,qsa_select_fast
0.1,11936628,374,31916.1,43199.0,1184,52158,18791.1,rmsnorm_gated
0.1,7585367,306,24788.8,1248.0,864,752968,88328.4,glm5_swiglu_clamp
0.1,7504117,639,11743.5,7295.0,4128,37471,8449.6,glm5_gemv_fp4
0.1,7214955,126,57261.5,7055.5,6432,3084772,306505.4,glm5_lane_add
0.1,5539293,102,54306.8,54367.0,52158,56094,839.7,glm5_gemv_fp4_x3
0.0,5354058,514,10416.5,5184.0,2208,793960,68685.6,gemv_bf16_w
0.0,5246835,374,14029.0,18624.0,1216,30815,7797.1,kda_gate
0.0,4625080,291,15893.7,4320.0,4032,85086,28237.7,glm5_router_sig_topk
0.0,3314060,272,12184.0,12127.0,11904,15456,248.7,conv_state_update
0.0,3033156,33,91913.8,91549.0,90398,95549,1335.1,gm_attn
0.0,2860508,378,7567.5,4160.0,2752,18687,4387.1,mul1_had_out
0.0,2490295,378,6588.1,8112.0,1184,15744,4328.1,mul1_had_in
0.0,1566103,66,23728.8,11615.5,10656,805384,97698.9,gm_gemv
0.0,1482391,385,3850.4,3872.0,3040,4544,251.7,gm_rmsnorm
0.0,887813,385,2306.0,2272.0,1984,2752,147.0,gm_latent_store
0.0,754824,385,1960.6,1984.0,1632,2176,96.7,gm_idx_store
0.0,743620,33,22533.9,13248.0,12736,321814,53726.5,gm_out_v1
0.0,616463,102,6043.8,6095.5,5343,6592,319.5,kda_step_r
0.0,509362,33,15435.2,15807.0,12351,17343,1414.3,gm_absorb1
0.0,318389,126,2526.9,2272.0,2016,11199,1474.6,glm5_ctl_publish
0.0,221112,385,574.3,544.0,512,800,45.9,gm_sel_prep
0.0,184984,126,1468.1,1408.0,1312,1920,146.7,glm5_moe_gather
0.0,179612,4,44903.0,44815.0,39519,50463,5621.2,argmax_k
0.0,172029,102,1686.6,1664.0,1472,2048,130.5,conv_step
0.0,107103,33,3245.5,3232.0,3200,3327,27.7,gm_attn_merge
0.0,60511,123,492.0,480.0,448,672,35.6,glm5_pred_tag
0.0,23264,4,5816.0,5824.0,5760,5856,48.0,glm5_stream_mean_rms
0.0,4896,2,2448.0,2448.0,2432,2464,22.6,glm5_feed
