Time (%),Total Time (ns),Num Calls,Avg (ns),Med (ns),Min (ns),Max (ns),StdDev (ns),Name
35.4,7261978474,42,172904249.4,150599086.0,149878369,387534387,57046237.5,cuMemHostAlloc
31.2,6407671794,12965,494228.4,35464.0,270,34686713,1009892.1,cuStreamSynchronize
19.8,4062454984,10339,392925.3,581035.0,2615,103568259,1089778.4,cuMemcpyHtoDAsync_v2
10.1,2071053570,42,49310799.3,50029831.5,39231004,80425655,8118491.4,cuMemFreeHost
1.6,328686047,77755,4227.2,3574.0,2596,325396,2977.0,cuLaunchKernel
0.6,127537140,1745,73087.2,3426.0,906,4403899,224742.5,cuMemFree_v2
0.4,80202953,1745,45961.6,9389.0,903,1561960,92685.9,cuMemAlloc_v2
0.3,58836709,1948,30203.6,27033.5,17700,83232,8321.9,cuMemcpyDtoH_v2
0.2,43318330,6353,6818.6,4551.0,3163,91511,4942.6,cuMemcpyDtoDAsync_v2
0.1,22855503,1815,12592.6,9778.0,2258,83155,8359.6,cuMemsetD8_v2
0.1,22366176,4421,5059.1,4645.0,3063,52774,1896.8,cuMemcpyDtoHAsync_v2
0.1,18792280,7,2684611.4,484897.0,293558,15925911,5840736.4,cuModuleLoadData
0.0,565431,2,282715.5,282715.5,8864,556567,387284.5,cuCtxSynchronize
0.0,192021,1,192021.0,192021.0,192021,192021,0.0,cuInit
0.0,190043,6,31673.8,7837.5,3154,86310,40114.6,cuMemGetInfo_v2
0.0,48992,1,48992.0,48992.0,48992,48992,0.0,cuModuleUnload
0.0,9032,2,4516.0,4516.0,4115,4917,567.1,cuCtxSetCurrent
